,dietID,Food_name,Protein(g),Total lipid (fat)(g),"Carbohydrate, by difference(g)",Energy(kcal),"Alcohol, ethyl(g)",Water(g),Caffeine(mg),Theobromine(mg),"Sugars, total including NLEA(g)","Fiber, total dietary(g)","Calcium, Ca(mg)","Iron, Fe(mg)","Magnesium, Mg(mg)","Phosphorus, P(mg)","Potassium, K(mg)","Sodium, Na(mg)","Zinc, Zn(mg)","Copper, Cu(mg)","Selenium, Se(µg)",Retinol(µg),"Vitamin A, RAE(µg)","Carotene, beta(µg)","Carotene, alpha(µg)",Vitamin E (alpha-tocopherol)(mg),Vitamin D (D2 + D3)(µg),"Cryptoxanthin, beta(µg)",Lycopene(µg),Lutein + zeaxanthin(µg),"Vitamin C, total ascorbic acid(mg)",Thiamin(mg),Riboflavin(mg),Niacin(mg),Vitamin B-6(mg),"Folate, total(µg)",Vitamin B-12(µg),"Choline, total(mg)",Vitamin K (phylloquinone)(µg),Folic acid(µg),"Folate, food(µg)","Folate, DFE(µg)","Vitamin E, added(mg)","Vitamin B-12, added(µg)",Cholesterol(mg),"Fatty acids, total saturated(g)",SFA 4:0(g),SFA 6:0(g),SFA 8:0(g),SFA 10:0(g),SFA 12:0(g),SFA 14:0(g),SFA 16:0(g),SFA 18:0(g),MUFA 18:1(g),PUFA 18:2(g),PUFA 18:3(g),PUFA 20:4(g),PUFA 22:6 n-3 (DHA)(g),MUFA 16:1(g),PUFA 18:4(g),MUFA 20:1(g),PUFA 20:5 n-3 (EPA)(g),MUFA 22:1(g),PUFA 22:5 n-3 (DPA)(g),"Fatty acids, total monounsaturated(g)","Fatty acids, total polyunsaturated(g)"
0,1005,Idli,6.36,0.35,25,128,0,67.2,0,0,1.85,5.8,10,0.89,25,67,233,252,0.86,0.141,3.5,0,0,3,0,0.04,0,0,0,0,0.2,0.122,0.04,0.676,0.042,39,0,21.7,3.1,0,39,39,0,0,0,0.056,0,0,0,0,0.001,0.001,0.045,0.008,0.087,0.123,0.019,0,0,0.001,0,0.002,0,0,0,0.09,0.142
1,1003,"Dosa, plain",5.7,4.05,37,210,0,51.8,0,0,0.3,1.8,16,2.19,14,72,104,309,0.75,0.147,5.6,0,0,2,0,0.7,0,0,0,0,0.3,0.234,0.035,1.74,0.101,92,0,14.3,4.7,57,35,132,0,0,0,0.587,0,0,0,0,0,0.004,0.439,0.113,1.54,1.41,0.199,0,0,0.014,0,0.027,0,0.003,0,1.59,1.61
2,1005,"Dosa, with filling",5.46,4.27,30.8,184,0,57.9,0,0,1.1,2.2,17,1.87,17,70,137,330,0.73,0.153,3.9,0,1,10,1,0.72,0,1,0,4,1.3,0.199,0.041,1.35,0.116,103,0,17.5,5.6,40,63,131,0,0,0,0.593,0,0,0,0,0,0.004,0.444,0.115,1.57,1.53,0.194,0,0,0.014,0,0.026,0,0.002,0,1.61,1.72
3,1005,"Bread, puri",6.84,24.9,39.2,409,0,28,0,0,0.18,3.5,16,2.55,43,120,134,170,1.04,0.162,10.3,0,0,1,0,4.06,0,0,0,52,0,0.287,0.137,2.93,0.078,35,0,10.4,26.6,24,11,51,0,0,0,3.41,0,0,0,0,0,0.012,2.5,0.702,9.44,8.85,1.14,0.001,0,0.083,0,0.167,0,0,0,9.71,10
4,1001,Vada,12.8,9.73,33.2,266,0,42,0,0,1.31,5.8,24,3.57,27,147,373,315,1.7,0.4,0.1,0,5,48,4,1.95,0,6,0,54,9.5,0.451,0.114,1.43,0.305,247,0,50.1,14.1,0,247,247,0,0,0,1.34,0,0,0,0,0.001,0.007,0.977,0.276,3.7,3.46,0.488,0,0,0.034,0,0.066,0,0,0,3.81,3.95
5,1003,Upma,1.98,2.64,13.8,87,0,81,0,0,1.61,1.3,96,4.06,10,29,111,98,0.22,0.056,3.2,0,11,118,22,0.76,0,7,459,82,11,0.075,0.039,0.767,0.079,19,0,6.2,5.5,9,10,25,0,0,0,0.367,0,0,0,0,0,0.003,0.272,0.072,0.956,0.941,0.128,0,0,0.009,0,0.021,0,0.012,0,1,1.07
6,1001,"Bread, paratha",6.36,13.2,45.4,326,0,33.5,0,0,4.15,9.6,25,1.61,37,120,139,452,0.82,0.146,7.1,2,2,0,0,1.35,0,0,0,11,0,0.088,0.076,1.83,0.08,8,0,6.3,3.4,0,8,8,0,0,1,5.83,0,0,0.004,0.016,0.051,0.113,4.9,0.644,3.79,2.41,0.069,0.003,0,0.017,0,0.027,0,0.001,0,3.84,2.48
7,1006,Palak Paneer,5.24,7.06,3.94,100,0,82.4,0,0,1.89,1,59,0.6,38,77,238,230,0.34,0.053,3.5,15,123,1290,12,1.64,0,4,313,2660,9.2,0.042,0.129,0.301,0.108,32,0.08,13.4,178,0,32,32,0,0,7,1.52,0.049,0.015,0.012,0.031,0.034,0.132,0.874,0.309,2.29,1.82,0.292,0,0,0.043,0,0.035,0,0,0,2.38,2.12
8,1003,Channa Saag,4.1,4.33,8.79,89,0,81,0,0,1.81,3,66,1.58,81,69,429,270,0.66,0.137,0.9,0,221,2640,6,2.23,0,17,0,5600,16,0.079,0.154,0.514,0.201,92,0,23.7,364,0,92,92,0,0,0,0.563,0,0,0,0,0,0.011,0.414,0.108,1.44,1.43,0.267,0,0,0.017,0,0.023,0,0,0,1.48,1.7
9,1003,Egg burrito,10.9,13.8,20,249,0,53.3,0,0,1.73,1.4,143,2.28,16,213,126,488,1.05,0.044,25.9,110,111,5,0,1.14,1.5,7,0,256,0,0.228,0.335,1.72,0.058,64,0.52,138,7,31,33,86,0,0,212,4.47,0.046,0.035,0.023,0.054,0.062,0.232,2.73,1.18,4.2,2.85,0.268,0.003,0,0.17,0,0.039,0.001,0,0.001,4.41,3.29
10,1004,"Egg omelet or scrambled egg, made with oil",11.6,15.8,0.9,192,0,70.6,0,0,0.19,0,45,1.57,10,171,123,228,1.16,0,29,167,168,0,0,2.03,2.3,12,0,469,0,0.057,0.371,0,0.056,50,0.76,250,7.4,0,50,50,0,0,383,3.87,0,0,0,0,0,0.033,2.81,0.948,5.68,3.68,0.316,0,0,0.245,0,0.045,0,0,0,6.01,4.32
11,1003,"Egg omelet or scrambled egg, no added fat",12.4,9.93,0.96,143,0,75.6,0,0,0.2,0,48,1.66,11,183,132,244,1.24,0,31,178,179,0,0,1.05,2.5,13,0,501,0,0.061,0.397,0,0.06,53,0.81,267,0.3,0,53,53,0,0,410,3.19,0,0,0,0,0,0.032,2.31,0.811,3.34,1.46,0.011,0,0,0.237,0,0,0,0,0,3.62,1.82
12,1001,Egg white sandwich,9.41,3.62,24.1,166,0,61.5,0,0,2.16,1.8,89,2.13,17,55,130,357,0.56,0.081,19.7,12,12,5,0,0.53,0,0,0,22,0.9,0.25,0.296,2.17,0.048,50,0.05,9,3,29,22,70,0,0,2,1.1,0.019,0.013,0.009,0.018,0.065,0.086,0.548,0.312,1.1,0.955,0.117,0.001,0,0.015,0,0.013,0,0,0,1.14,1.07
13,1004,"Roll, egg bread",9.5,6,47.8,287,0,34.7,0,0,1.78,2.3,93,3.04,19,106,115,380,0.79,0.162,30.1,63,63,0,0,0.26,0.4,0,0,45,0,0.438,0.436,4.85,0.064,105,0.1,84.3,0.9,35,70,130,0,0,51,1.59,0,0,0.001,0.001,0.001,0.02,1.08,0.463,2.18,0.998,0.048,0.046,0.012,0.108,0,0.009,0.001,0.001,0,2.3,1.11
14,1006,"Firni, Indian pudding",3.58,3.1,25.1,144,0,67.5,0,0,15.7,0.3,100,0.51,14,95,136,30,0.48,0.037,3.4,24,24,6,0,0.25,0.8,0,0,4,0,0.087,0.122,0.584,0.058,17,0.23,11.5,0.3,16,1,28,0,0,9,1.49,0.051,0.041,0.026,0.064,0.074,0.232,0.715,0.245,0.874,0.245,0.014,0.003,0,0.04,0,0.003,0.001,0,0.002,0.874,0.244
15,1004,"Barfi or Burfi, Indian dessert",5.41,11.3,40.5,283,0,41.8,0,0,37,0.4,148,0.22,19,126,185,71,0.5,0.047,4.2,95,96,12,0,0.71,0.1,0,0,20,0.3,0.039,0.253,0.205,0.07,4,0.23,13.7,1,0,4,4,0,0,35,6.12,0.212,0.17,0.107,0.259,0.302,0.977,2.93,0.973,3.25,0.802,0.039,0.014,0,0.208,0,0.019,0.003,0.001,0.006,3.48,0.849
16,1006,Biryani with chicken,7.15,2.38,13.6,104,0,75.9,0,0,1.88,1.1,34,0.84,19,93,256,161,0.63,0.072,6.8,13,19,74,3,0.3,0.1,5,310,51,6.2,0.073,0.079,2.21,0.177,23,0.12,20.2,5.5,11,11,30,0,0,25,0.907,0.025,0.018,0.01,0.025,0.029,0.097,0.533,0.148,0.657,0.227,0.023,0.005,0,0.102,0,0.005,0,0,0,0.773,0.254
17,1006,"Bread, chappatti or roti",7.85,9.2,46.1,299,0,35.4,0,0,2.93,9.7,36,2.2,56,158,196,298,1.54,0.229,26.6,0,0,0,0,0.55,0,0,0,10,0,0.36,0.18,4.61,0.28,38,0,7.8,3.3,0,38,38,0,0,0,3.31,0,0,0.003,0.008,0.015,0.065,2.79,0.383,2.07,0.729,0.03,0.001,0,0.008,0,0.011,0,0,0,2.09,0.761
18,1006,"Bread, naan",11.1,7.28,50.2,311,0,29.2,0,0,3.7,5.2,64,1.88,74,204,201,508,1.35,0.172,12.4,2,2,0,0,1.44,0,0,0,11,0,0.153,0.196,3.89,0.139,15,0,11,3.6,0,15,15,0,0,1,3.16,0,0,0.002,0.009,0.028,0.063,2.7,0.355,2.09,1.33,0.038,0.002,0,0.01,0,0.015,0,0.001,0,2.12,1.37
19,1006,"Ladoo, round ball",6.92,22.2,46.7,411,0,22.8,0,0,29.8,4,26,1.3,24,84,196,140,0.83,0.175,0.2,183,187,52,0,0.27,0.1,2,0,0,0.9,0.103,0.057,0.353,0.123,111,0,37.2,4.7,0,111,111,0,0,58,11.4,0.501,0.354,0.206,0.472,0.54,1.76,5.37,1.85,4.13,1.41,0.115,0.026,0,0.249,0.004,0.029,0.006,0.001,0.01,4.6,1.51
20,1005,"Egg omelet or scrambled egg, made with oil",11.6,15.8,0.9,192,0,70.6,0,0,0.19,0,45,1.57,10,171,123,228,1.16,0,29,167,168,0,0,2.03,2.3,12,0,469,0,0.057,0.371,0,0.056,50,0.76,250,7.4,0,50,50,0,0,383,3.87,0,0,0,0,0,0.033,2.81,0.948,5.68,3.68,0.316,0,0,0.245,0,0.045,0,0,0,6.01,4.32
21,1002,"Egg omelet or scrambled egg, no added fat",12.4,9.93,0.96,143,0,75.6,0,0,0.2,0,48,1.66,11,183,132,244,1.24,0,31,178,179,0,0,1.05,2.5,13,0,501,0,0.061,0.397,0,0.06,53,0.81,267,0.3,0,53,53,0,0,410,3.19,0,0,0,0,0,0.032,2.31,0.811,3.34,1.46,0.011,0,0,0.237,0,0,0,0,0,3.62,1.82
22,1006,Egg white sandwich,9.41,3.62,24.1,166,0,61.5,0,0,2.16,1.8,89,2.13,17,55,130,357,0.56,0.081,19.7,12,12,5,0,0.53,0,0,0,22,0.9,0.25,0.296,2.17,0.048,50,0.05,9,3,29,22,70,0,0,2,1.1,0.019,0.013,0.009,0.018,0.065,0.086,0.548,0.312,1.1,0.955,0.117,0.001,0,0.015,0,0.013,0,0,0,1.14,1.07
23,1001,"Roll, egg bread",9.5,6,47.8,287,0,34.7,0,0,1.78,2.3,93,3.04,19,106,115,380,0.79,0.162,30.1,63,63,0,0,0.26,0.4,0,0,45,0,0.438,0.436,4.85,0.064,105,0.1,84.3,0.9,35,70,130,0,0,51,1.59,0,0,0.001,0.001,0.001,0.02,1.08,0.463,2.18,0.998,0.048,0.046,0.012,0.108,0,0.009,0.001,0.001,0,2.3,1.11
24,1002,"Firni, Indian pudding",3.58,3.1,25.1,144,0,67.5,0,0,15.7,0.3,100,0.51,14,95,136,30,0.48,0.037,3.4,24,24,6,0,0.25,0.8,0,0,4,0,0.087,0.122,0.584,0.058,17,0.23,11.5,0.3,16,1,28,0,0,9,1.49,0.051,0.041,0.026,0.064,0.074,0.232,0.715,0.245,0.874,0.245,0.014,0.003,0,0.04,0,0.003,0.001,0,0.002,0.874,0.244
25,1002,"Barfi or Burfi, Indian dessert",5.41,11.3,40.5,283,0,41.8,0,0,37,0.4,148,0.22,19,126,185,71,0.5,0.047,4.2,95,96,12,0,0.71,0.1,0,0,20,0.3,0.039,0.253,0.205,0.07,4,0.23,13.7,1,0,4,4,0,0,35,6.12,0.212,0.17,0.107,0.259,0.302,0.977,2.93,0.973,3.25,0.802,0.039,0.014,0,0.208,0,0.019,0.003,0.001,0.006,3.48,0.849
26,1002,Biryani with chicken,7.15,2.38,13.6,104,0,75.9,0,0,1.88,1.1,34,0.84,19,93,256,161,0.63,0.072,6.8,13,19,74,3,0.3,0.1,5,310,51,6.2,0.073,0.079,2.21,0.177,23,0.12,20.2,5.5,11,11,30,0,0,25,0.907,0.025,0.018,0.01,0.025,0.029,0.097,0.533,0.148,0.657,0.227,0.023,0.005,0,0.102,0,0.005,0,0,0,0.773,0.254
27,1006,"Bread, chappatti or roti",7.85,9.2,46.1,299,0,35.4,0,0,2.93,9.7,36,2.2,56,158,196,298,1.54,0.229,26.6,0,0,0,0,0.55,0,0,0,10,0,0.36,0.18,4.61,0.28,38,0,7.8,3.3,0,38,38,0,0,0,3.31,0,0,0.003,0.008,0.015,0.065,2.79,0.383,2.07,0.729,0.03,0.001,0,0.008,0,0.011,0,0,0,2.09,0.761
28,1001,"Bread, naan",11.1,7.28,50.2,311,0,29.2,0,0,3.7,5.2,64,1.88,74,204,201,508,1.35,0.172,12.4,2,2,0,0,1.44,0,0,0,11,0,0.153,0.196,3.89,0.139,15,0,11,3.6,0,15,15,0,0,1,3.16,0,0,0.002,0.009,0.028,0.063,2.7,0.355,2.09,1.33,0.038,0.002,0,0.01,0,0.015,0,0.001,0,2.12,1.37
29,1005,"Ladoo, round ball",6.92,22.2,46.7,411,0,22.8,0,0,29.8,4,26,1.3,24,84,196,140,0.83,0.175,0.2,183,187,52,0,0.27,0.1,2,0,0,0.9,0.103,0.057,0.353,0.123,111,0,37.2,4.7,0,111,111,0,0,58,11.4,0.501,0.354,0.206,0.472,0.54,1.76,5.37,1.85,4.13,1.41,0.115,0.026,0,0.249,0.004,0.029,0.006,0.001,0.01,4.6,1.51
30,1003,"Bread, dough, fried",9.36,18.8,45,384,0,25.8,0,0,3.55,1.5,54,3.21,25,109,132,177,0.86,0.113,19.7,19,19,2,0,1.29,0.4,0,0,38,0,0.446,0.283,3.54,0.061,63,0.1,10.6,9.4,41,22,92,0,0,3,4.85,0.016,0.012,0.008,0.019,0.022,0.098,2.46,2.03,7.29,4.91,0.35,0.001,0,0.024,0,0.016,0,0,0,7.31,5.26
31,1003,"Grapefruit juice, 100%, with calcium added",0.51,0.68,7.74,39,0,90.8,0,0,7.96,0.3,146,0.06,9,16,132,2,0.04,0.026,0,0,16,188,3,0.2,0,5,297,14,22.2,0.038,0.03,0.2,0.044,12,0,6.4,0,0,12,12,0,0,0,0.173,0,0,0,0,0,0,0.148,0.012,0.148,0.234,0.062,0,0,0.012,0,0,0,0,0,0.16,0.296
32,1003,"Papad, grilled or broiled",25.6,3.25,59.9,371,0,3.49,0,0,0,18.6,143,7.8,271,385,1000,1740,3.4,0.998,8.3,13,13,4,0,0.05,0,0,0,1,0,0.277,0.258,1.47,0.285,219,0,0.4,0.4,0,219,219,0,0,4,1.08,0.05,0.03,0.017,0.039,0.044,0.157,0.558,0.189,0.497,0.113,1.03,0,0,0.035,0,0,0,0,0,0.532,1.15
33,1003,Biryani with vegetables,1.93,3.2,17.9,109,0,76.2,0,0,1.18,1.2,17,1.05,11,35,103,177,0.32,0.068,2.9,27,64,371,138,0.12,0,1,195,131,4.1,0.103,0.022,0.964,0.071,31,0,5.2,2.9,24,7,48,0,0,9,1.7,0.074,0.052,0.03,0.071,0.08,0.261,0.81,0.274,0.605,0.134,0.021,0.004,0,0.037,0.001,0.005,0.001,0,0.001,0.676,0.152
34,1005,Biryani with meat,8.5,6.79,12.2,145,0,71.5,0,0,1.69,1,33,1.12,17,76,229,98,1.45,0.077,9.2,10,16,66,2,0.23,0.1,5,279,46,5.6,0.061,0.08,1.76,0.136,21,0.47,29.8,6.2,10,11,28,0,0,29,2.97,0.022,0.016,0.009,0.036,0.051,0.307,1.49,0.867,2.4,0.368,0.094,0.02,0,0.18,0,0.001,0,0,0,2.65,0.48
35,1004,"Tea, hot, with milk",1.58,1.05,8.95,51,0,88,9,1,8.72,0.1,60,0.02,7,49,91,20,0.22,0.007,0.9,27,27,2,0,0.02,0.5,0,0,0,0,0.027,0.072,0.054,0.029,3,0.26,8.6,0.1,0,3,3,0,0,4,0.604,0.022,0.017,0.011,0.026,0.031,0.109,0.273,0.098,0.22,0.036,0.005,0.001,0,0.016,0,0.001,0,0,0,0.218,0.035
36,1002,"Coffee, brewed",0.12,0.02,0,1,0,99.4,40,0,0,0,2,0.01,3,3,49,2,0.02,0.002,0,0,0,0,0,0.01,0,0,0,0,0,0.014,0.076,0.191,0.001,2,0,2.6,0.1,0,2,2,0,0,0,0.002,0,0,0,0,0,0,0.002,0,0,0.001,0,0,0,0,0,0,0,0,0,0.015,0.001
37,1001,"Iced Coffee, brewed",0.09,0.02,0,1,0,99.5,31,0,0,0,2,0.01,3,2,38,2,0.02,0.004,0,0,0,0,0,0.01,0,0,0,0,0,0.011,0.058,0.146,0.001,2,0,2,0.1,0,2,2,0,0,0,0.002,0,0,0,0,0,0,0.002,0,0,0.001,0,0,0,0,0,0,0,0,0,0.011,0.001
38,1003,Pepper steak,11.9,9.12,4.34,145,0,73.6,0,0,1.67,0.7,17,1.24,16,89,202,244,1.96,0.065,11.6,0,9,101,7,1.26,0,2,0,173,22.6,0.054,0.083,2.26,0.256,13,0.61,46,20,0,13,13,0,0,32,2.03,0,0,0,0.007,0.007,0.099,1.35,0.522,3.51,2.2,0.308,0.008,0,0.156,0,0.045,0.001,0,0.006,3.72,2.52
39,1004,"Chicken, chicken roll, roasted",26.7,6.33,0,164,0,65.8,0,0,0,0,15,0.73,23,236,278,499,1.6,0.064,23.9,8,8,0,0,0.41,0,0,0,0,0,0.07,0.181,7.57,0.246,10,0.36,66.1,0,0,8,8,0,0,112,1.57,0,0,0,0,0,0.032,1.26,0.274,2.22,0.856,0.051,0.021,0,0.453,0,0.017,0,0,0,2.7,0.933
40,1002,Barbecue chicken,19,4.64,12.2,167,0,62.6,0,0,9.97,0.3,20,0.7,20,172,265,550,1.18,0.066,17.2,6,9,40,0,0.53,0,1,1360,26,0.2,0.056,0.144,5.5,0.195,7,0.26,48.6,0.5,0,6,6,0,0,79,1.12,0.001,0,0,0,0,0.023,0.892,0.195,1.57,0.625,0.042,0.015,0,0.318,0,0.016,0,0.007,0,1.92,0.686
41,1003,Chicken curry,6.47,6.45,6.47,106,0,79.1,0,0,2.6,1.4,20,0.73,18,78,280,376,0.53,0.084,5.3,2,48,469,144,1.32,0,1,4520,95,8.6,0.048,0.078,2.12,0.15,15,0.08,22.4,9.1,0,15,15,0,0,22,1.56,0.003,0.005,0.047,0.039,0.293,0.133,0.776,0.227,2.19,1.76,0.218,0.004,0,0.107,0,0.033,0,0,0,2.33,1.98
42,1006,Chicken with gravy,18.9,5.21,1.58,129,0,73,0,0,0.09,0,13,0.54,17,171,207,526,1.14,0.05,16.8,6,6,0,0,0.32,0,0,0,0,0,0.056,0.143,5.38,0.18,7,0.25,47.3,0.2,0,6,6,0,0,80,1.29,0,0,0,0,0.001,0.027,1.03,0.229,1.82,0.712,0.042,0.016,0,0.352,0,0.016,0,0,0,2.19,0.775
43,1003,Chicken curry with rice,4.95,3.98,15.1,116,0,74.7,0,0,1.58,1,16,0.92,15,64,182,323,0.51,0.078,6.1,1,29,281,86,0.81,0,1,2710,57,5.2,0.094,0.052,1.86,0.127,32,0.05,14.3,5.4,22,10,48,0,0,13,0.969,0.002,0.003,0.028,0.023,0.176,0.081,0.493,0.138,1.35,1.08,0.136,0.002,0,0.065,0,0.02,0,0,0,1.44,1.22
44,1005,Lasagna with chicken or turkey,13.7,10.4,14,205,0,59.8,0,0,2.2,1,266,0.85,25,247,198,387,1.78,0.079,21.1,86,94,94,0,0.88,0.2,0,3040,56,0.7,0.09,0.234,2.34,0.156,26,0.48,19.9,4.4,13,13,36,0,0,44,5.18,0.161,0.134,0.085,0.205,0.238,0.771,2.53,0.898,2.49,0.921,0.092,0.025,0.001,0.168,0,0.024,0.004,0.001,0.006,2.56,1.02
45,1005,"Rice, fried, with chicken",7.28,3.66,27.6,173,0,60.3,0,0,0.53,0.9,12,0.5,12,73,100,359,0.83,0.083,10.6,10,20,109,32,0.17,0,0,3,88,3.2,0.023,0.049,1.68,0.064,7,0.06,14.6,2.4,0,6,6,0,0,32,0.656,0,0,0,0,0,0.015,0.484,0.136,0.826,0.979,0.112,0.005,0,0.074,0,0.008,0,0,0,0.906,1.1
46,1002,"Chicken tenders or strips, NFS",19.2,14,17.2,271,0,46.6,0,0,0.4,1.2,17,0.73,28,282,373,769,0.71,0.069,17.5,2,3,2,0,3.17,0.2,0,0,83,1.1,0.11,0.179,8.22,0.426,19,0.16,43.7,8,6,13,23,0,0,48,2.49,0,0,0.004,0,0.001,0.026,1.77,0.414,4.66,5.48,0.226,0.04,0.002,0.049,0,0.106,0,0.009,0.003,4.83,5.78
47,1004,Chicken salad sandwich on wheat,13.1,13.8,17,244,0,54.4,0,0,3.13,2.1,66,1.39,29,143,200,474,1.04,0.096,17.7,5,11,62,5,0.77,0,12,0,76,0.5,0.16,0.145,4.26,0.15,34,0.14,35.3,31.9,5,28,36,0,0,44,2.4,0,0,0,0.001,0.003,0.021,1.67,0.6,3.24,6.17,0.821,0.015,0.001,0.172,0,0.044,0.001,0.007,0,3.47,7.02
48,1003,Chicken salad sandwich on white,12.5,13.7,18.3,245,0,53.9,0,0,3.18,1,83,1.46,19,125,176,479,0.88,0.074,16.2,5,11,61,5,0.73,0,12,0,69,0.5,0.197,0.154,4.21,0.127,46,0.14,33.1,30.2,29,17,66,0,0,44,2.43,0.001,0,0.002,0.002,0.004,0.023,1.69,0.605,3.27,6.26,0.838,0.015,0.001,0.173,0,0.043,0.001,0.007,0,3.49,7.12
49,1003,Chicken salad sandwich wrap,13,16.6,16.9,269,0,51.4,0,0,2.62,1.3,141,1.43,18,196,176,617,1,0.064,16.6,34,39,61,4,0.66,0.4,11,0,53,0.5,0.178,0.187,3.68,0.112,38,0.28,29.8,29.4,24,14,54,0,0,49,4.55,0.064,0.05,0.032,0.075,0.085,0.307,2.66,1.12,3.9,5.82,0.772,0.017,0.001,0.201,0,0.05,0.001,0.006,0.002,4.13,6.61
50,1003,"Gravy, vegetarian",3.84,10.2,9.21,144,0,75.3,0,0,4.63,0.2,121,0.34,13,105,157,323,0.45,0.011,2.7,135,138,41,0,0.81,1.2,1,0,1,0.1,0.094,0.154,0.468,0.176,8,0.42,17.4,4.9,6,2,12,0,0,23,4.68,0.175,0.127,0.076,0.179,0.209,0.659,2.21,0.894,2.44,1.24,0.14,0.009,0,0.097,0.001,0.017,0.002,0,0.004,2.57,1.37
51,1001,"Rice, cooked, NFS",2.67,0.28,28,129,0,68,0,0,0.05,0.4,10,1.19,12,43,35,245,0.49,0.069,7.5,0,0,0,0,0.04,0,0,0,0,0,0.162,0.013,1.47,0.092,58,0,2.1,0,55,3,96,0,0,0,0.077,0,0,0,0,0,0.002,0.069,0.005,0.086,0.062,0.013,0,0,0.001,0,0,0,0,0,0.087,0.076
52,1006,Rice cake,7.1,4.3,81.1,392,0,5.8,0,0,0.88,4.2,11,1.49,131,360,428,71,3,0.445,24.6,0,0,0,0,1.24,0,0,0,0,0,0.06,0.16,7.81,0.15,21,0,18.9,1.9,0,21,21,0,0,0,0.875,0,0,0,0,0,0.015,0.737,0.077,1.57,1.49,0.015,0,0,0.015,0,0,0,0,0,1.58,1.52
53,1005,"Rice, fried, NFS",3.84,3.19,32.5,174,0,59.3,0,0,0.62,1.1,11,0.46,10,44,69,361,0.69,0.086,8.3,10,22,128,38,0.13,0,0,3,103,3.8,0.015,0.026,0.637,0.032,6,0,5.5,2.8,0,6,6,0,0,18,0.493,0,0,0,0,0,0.012,0.346,0.112,0.578,1,0.123,0.002,0,0.007,0,0.006,0,0,0,0.588,1.13
54,1005,"Lettuce, salad with assorted vegetables excluding tomatoes and carrots, no dressing",1.4,0.23,3.63,20,0,94,0,0,1.52,1.3,31,0.65,23,31,249,34,0.23,0.061,1.5,0,157,1890,3,0.44,0,3,0,1480,13.7,0.053,0.094,0.516,0.107,41,0,10.6,118,0,41,41,0,0,0,0.037,0,0,0,0,0,0.002,0.031,0.004,0.008,0.04,0.049,0,0,0.002,0,0,0,0,0,0.01,0.09
55,1005,Chicken salad spread,11.6,13.5,7.41,200,0,66.2,0,0,0,0,10,0.61,10,33,183,653,1.04,0.03,10.9,42,42,0,0,2.2,0.2,0,0,0,1,0.024,0.071,1.67,0.11,5,0.38,49.6,0,0,5,5,0,0,30,3.45,0,0,0,0,0,0,2.96,0.44,2.71,5.97,0.05,0,0,0.25,0,0,0,0,0,3.25,6.22
56,1003,Spinach soup,2.94,1.09,2.52,32,0,92.2,0,0,1.68,0.6,62,0.5,37,58,250,192,0.32,0.053,0.5,16,122,1260,0,0.74,0.3,3,0,2690,8.3,0.041,0.118,0.851,0.093,32,0.17,13.7,180,0,32,32,0,0,3,0.454,0.013,0.01,0.007,0.016,0.019,0.066,0.238,0.075,0.229,0.078,0.056,0.001,0,0.025,0,0.005,0,0,0,0.248,0.13
57,1003,"Rice soup, NFS",0.92,0.78,5.8,34,0,91.5,0,0,0.12,0.5,22,0.12,6,21,17,326,0.1,0.053,2.1,0,13,129,42,0.04,0,0,0,3,0,0.007,0.01,0.461,0.01,1,0.06,4.9,0.2,0,1,1,0,0,2,0.186,0,0,0,0,0,0.005,0.145,0.035,0.341,0.161,0.005,0,0,0.03,0,0,0,0,0,0.371,0.171
58,1001,"Tomato soup, NFS",0.74,0.22,7.72,33,0,90.2,0,0,4.18,0.6,8,0.3,8,16,285,193,0.1,0.03,1.5,0,10,119,0,0.17,0,0,5540,46,6.5,0.021,0.008,0.435,0.044,0,0,6.5,1.6,0,0,0,0,0,0,0.058,0,0,0,0,0,0.006,0.041,0.012,0.04,0.067,0.013,0,0,0.007,0,0.014,0,0.008,0,0.069,0.08
59,1001,"Vegetable soup, home recipe",1.78,0.87,6.18,38,0,90.1,0,0,1.49,1.2,14,0.48,12,34,180,239,0.18,0.041,0.7,0,37,389,102,0.23,0,8,377,278,6.3,0.04,0.038,0.944,0.083,13,0.04,8.9,16.9,0,13,13,0,0,0,0.174,0,0,0,0,0,0.007,0.116,0.046,0.308,0.271,0.035,0,0,0.009,0,0.004,0,0,0,0.321,0.306
60,1004,Lasagna with meat,7.45,4.97,16.2,139,0,69.8,0,0,3.33,1.6,82,0.73,20,115,207,390,0.89,0.097,16.6,20,42,249,8,0.98,0,2,3760,197,4.4,0.056,0.056,1.6,0.139,15,0.83,17.2,6.6,12,3,23,0,0,16,2.32,0.042,0.029,0.018,0.051,0.056,0.258,1.19,0.587,1.58,0.354,0.026,0.007,0,0.139,0,0.015,0,0,0.003,1.8,0.402
61,1006,Lasagna with chicken or turkey,13.7,10.4,14,205,0,59.8,0,0,2.2,1,266,0.85,25,247,198,387,1.78,0.079,21.1,86,94,94,0,0.88,0.2,0,3040,56,0.7,0.09,0.234,2.34,0.156,26,0.48,19.9,4.4,13,13,36,0,0,44,5.18,0.161,0.134,0.085,0.205,0.238,0.771,2.53,0.898,2.49,0.921,0.092,0.025,0.001,0.168,0,0.024,0.004,0.001,0.006,2.56,1.02
62,1005,"Lasagna, meatless",6.54,5.33,13.8,130,0,72.8,0,0,4.23,1.7,111,1.27,21,107,182,284,0.91,0.109,26.2,37,44,83,2,0.88,0,0,2640,27,13.7,0.091,0.139,1.22,0.062,22,0.57,9.8,9.1,18,4,36,0,0,13,2.11,0,0,0,0,0.061,0.369,1.21,0.469,1.46,0.893,0.129,0,0,0.111,0,0,0,0,0,1.57,1.02
63,1004,"Lasagna, meatless, with vegetables",11.2,9.38,14.5,188,0,62.8,0,0,2.43,1.2,268,0.76,26,227,206,384,1.5,0.081,18.6,84,102,215,1,0.96,0.2,1,3050,343,3.5,0.089,0.234,1.6,0.112,30,0.35,15.9,20.3,14,17,40,0,0,34,4.93,0.162,0.134,0.085,0.206,0.238,0.765,2.36,0.827,2.18,0.67,0.084,0.012,0,0.138,0,0.02,0.003,0,0.005,2.22,0.735
64,1006,"Cheese, cottage, dry curd",10.3,0.29,6.66,72,0,81,0,0,1.85,0,86,0.15,11,190,137,372,0.47,0.03,9.4,2,2,0,0,0.01,0,0,0,0,0,0.023,0.226,0.144,0.016,9,0.46,17.9,0,0,9,9,0,0,7,0.169,0.007,0.002,0.005,0.009,0.006,0.02,0.07,0.05,0.067,0.003,0,0,0,0.012,0,0,0,0,0,0.079,0.003
65,1005,"Hummus, flavored",7.22,17.1,14.6,241,0,59.1,0,0,0.49,5.3,40,2.38,71,166,290,421,1.4,0.348,15.6,0,6,60,1,1.81,0,18,0,249,3.8,0.149,0.115,0.983,0.147,36,0,45.5,17.2,0,36,36,0,0,0,2.18,0,0,0,0,0,0.009,1.39,0.623,6.19,6.88,0.633,0.005,0,0.02,0,0.089,0,0.001,0,6.3,7.53
66,1004,"Hummus, plain",7.35,17.1,14.9,243,0,58.7,0,0,0.34,5.4,41,2.41,71,166,289,438,1.38,0.348,16.2,0,1,12,0,1.74,0,3,0,258,0,0.15,0.115,0.948,0.143,36,0,46.6,17.2,0,36,36,0,0,0,2.22,0,0,0,0,0,0.009,1.41,0.634,6.26,6.82,0.656,0.005,0,0.021,0,0.084,0,0.001,0,6.37,7.48
67,1006,"Veggie burger, on bun",13,5.2,30.8,224,0,48.8,0,0,3.94,3.5,140,2.88,41,158,236,534,1.01,0.158,24.7,0,1,5,0,0.25,0,0,0,3,3,1.68,0.268,3.95,0.192,110,1.18,17.2,4.5,24,86,127,0,1.08,3,1.16,0.002,0.001,0.054,0.046,0.02,0.07,0.675,0.259,1.25,1.78,0.084,0.001,0,0.022,0,0.02,0,0,0,1.3,1.91
68,1004,Cheeseburger (Burger King),13.9,11.8,23.9,261,0,48,0,0,4.85,1,239,2.46,23,201,211,508,2.21,0.083,22.1,30,35,47,0,0.3,0.9,4,494,29,0.8,0.256,0.248,3.63,0.195,50,1.14,36.7,4.1,23,28,66,0,0,37,4.85,0.056,0.046,0.03,0.073,0.086,0.493,2.58,1.3,3.72,0.994,0.125,0.004,0.001,0.281,0.001,0.039,0.002,0.052,0.007,4.19,1.14
69,1005,Hamburger (Burger King),13.6,10.2,26,254,0,48.4,0,0,4.66,1.1,80,2.67,21,121,199,400,2.21,0.09,22.9,0,2,18,0,0.22,0.1,1,564,25,0.9,0.287,0.224,4.11,0.205,55,1.09,36.8,4.2,26,29,73,0,0,31,3.72,0.002,0.001,0,0.003,0.003,0.268,2.11,1.16,3.55,1.02,0.129,0,0,0.267,0,0.038,0.001,0.059,0.006,3.98,1.16
70,1004,"Milk shake, fast food, chocolate",3.7,6.66,20.4,150,0,68.3,5,41,13.4,1.6,115,0.73,23,111,193,80,0.7,0.177,3.4,89,89,0,0,0.25,0,0,0,1,0,0.027,0.652,0.252,0.061,1,0.22,27,0.4,0,1,1,0,0,23,4.04,0.194,0.149,0.065,0.151,0.171,0.582,1.76,0.864,1.67,0.265,0.028,0.007,0,0.114,0.012,0.004,0,0,0.003,1.84,0.318
71,1004,"Milk shake, fast food, flavors other than chocolate",3.37,6.52,19.6,148,0,69.6,0,0,13.6,0.9,115,0.46,13,98,166,81,0.57,0.103,3.2,91,91,0,0,0.25,0,0,0,0,0,0.026,0.66,0.213,0.06,0,0.22,27.3,0.4,0,0,0,0,0,23,3.96,0.198,0.152,0.066,0.154,0.174,0.593,1.72,0.795,1.61,0.261,0.029,0.007,0,0.116,0.012,0.004,0,0,0.003,1.78,0.316
72,1006,Big Mac (McDonalds),11.9,14.1,21.5,261,0,50.5,0,0,3.26,1.4,127,1.4,25,136,182,485,2.16,0.131,25.9,22,27,59,1,0.06,0.1,2,0,50,0.3,0.184,0.201,3.63,0.17,27,1.27,31.5,16.4,18,9,40,0,0,36,5.04,0.086,0.029,0.02,0.049,0.059,0.404,2.78,1.43,4.66,3.3,0.454,0.02,0,0.286,0.049,0.049,0,0.02,0,5.09,3.83
73,1005,Double cheeseburger (Burger King),16.2,15,17.2,273,0,49.1,0,0,3.87,0.7,284,2.32,23,243,239,476,2.8,0.077,21.4,42,47,53,0,0.28,1.2,5,341,25,0.6,0.187,0.247,3.71,0.244,41,1.51,45.2,3.6,16,25,52,0,0,51,6.43,0.076,0.063,0.041,0.099,0.117,0.673,3.39,1.71,4.9,0.887,0.104,0.005,0.001,0.381,0.001,0.039,0.003,0.036,0.009,5.48,1.02
74,1005,Pizza rolls,9.19,10.5,53.4,345,0,24.1,0,0,3.94,1.3,132,1.9,21,144,317,631,0.77,0.138,12.7,47,63,198,7,1.67,0,0,6190,4,0,0.17,0.201,1.97,0.066,34,0.27,13.5,4.8,26,8,52,0,0,6,2.62,0.053,0.011,0.013,0.026,0.021,0.177,1.55,0.714,3.96,2.78,0.211,0,0,0.069,0,0,0,0,0,4.05,3
75,1005,"Pizza with pepperoni, stuffed crust",12.9,15,27.2,296,0,41.9,0,0,2.62,1.5,217,1.97,22,240,233,709,1.58,0.082,17.3,99,106,79,1,0.7,0.1,0,844,41,2.8,0.318,0.326,3.88,0.143,82,0.49,20.6,8.1,45,37,113,0,0,37,6.98,0.158,0.129,0.082,0.213,0.251,0.911,3.55,1.46,4.05,1.6,0.156,0.026,0,0.285,0,0.049,0.003,0.001,0.007,4.53,1.83
76,1002,"Pizza, cheese, stuffed crust",12.2,11.6,30,274,0,43.4,0,0,2.9,1.7,238,2.04,22,249,229,615,1.49,0.081,16,110,117,87,1,0.67,0,0,935,45,3.1,0.323,0.333,3.76,0.119,90,0.4,17.3,8.3,50,40,125,0,0,30,5.82,0.175,0.143,0.091,0.233,0.275,0.898,2.82,0.997,2.46,1.35,0.155,0.017,0,0.168,0,0.027,0.003,0.001,0.006,2.77,1.55
77,1002,"Pizza, no cheese, thick crust",7.58,12.3,38.3,292,0,40,0,0,5.47,1.9,23,3.03,18,78,172,514,0.75,0.115,9.9,1,9,86,1,1.69,0.1,0,1970,90,5.1,0.454,0.245,4.17,0.13,72,0.14,15.1,8.4,39,33,99,0,0,12,2.82,0.001,0,0.001,0.003,0.004,0.09,1.86,0.757,5.29,2.49,0.259,0.016,0,0.19,0,0.073,0.001,0.001,0.003,5.58,2.8
78,1005,"Pizza, no cheese, thin crust",7.48,13.7,31,276,0,45.9,0,0,5.03,1.8,26,2.76,18,76,196,551,0.79,0.116,9.6,2,12,117,2,1.87,0.2,1,2680,118,7,0.375,0.214,3.98,0.154,57,0.2,18,8.6,30,27,78,0,0,16,3.44,0.001,0,0.001,0.004,0.005,0.122,2.23,0.951,6.14,2.37,0.225,0.021,0.001,0.236,0,0.082,0.001,0.001,0.004,6.5,2.67
79,1003,"Pizza with extra meat, thick crust",13.3,13,26.6,278,0,44.6,0,0,2.74,1.8,146,2.28,23,207,199,616,1.64,0.098,19.2,50,57,74,0,0.77,0.1,0,1540,18,1,0.325,0.201,4.14,0.117,86,0.54,25.3,8.4,53,33,122,0,0,31,5.06,0.082,0.065,0.043,0.113,0.137,0.549,2.68,1.22,3.75,2.38,0.266,0.024,0,0.23,0.001,0.065,0.004,0.002,0.005,4.11,2.72
80,1003,"Pizza with meat and fruit, thick crust",10.6,9.53,29.1,244,0,48.4,0,0,3.6,2,152,2.18,22,195,174,604,1.24,0.102,16.5,51,58,80,0,0.71,0,0,1620,18,4.1,0.379,0.19,3.38,0.088,90,0.36,20,8.4,55,35,129,0,0,19,3.76,0.086,0.068,0.045,0.118,0.142,0.491,1.9,0.782,2.28,2.08,0.27,0.009,0,0.123,0.001,0.035,0.003,0.002,0.003,2.5,2.39
81,1002,"Pasta, gluten free",3.2,1,38,179,0,57.7,0,0,0,1.4,2,0.22,11,33,24,4,0.27,0.02,2.2,0,4,32,21,0,0,0,0,539,0,0.05,0.079,0.24,0.037,4,0,1.7,0,0,4,4,0,0,0,0.15,0,0,0,0,0,0.005,0.106,0.029,0.155,0.315,0.013,0,0,0.001,0,0.003,0.002,0,0,0.259,0.329
82,1005,"Pasta, whole grain, cooked",5.95,1.7,29.9,148,0,61.4,0,0,0.75,3.9,13,1.71,54,126,95,235,1.33,0.224,36.1,0,0,2,0,0.23,0,0,0,93,0,0.155,0.098,3.11,0.092,21,0,6.5,0.6,0,21,21,0,0,0,0.242,0,0,0,0,0,0.004,0.206,0.021,0.167,0.535,0.036,0,0,0.002,0,0.006,0,0,0,0.175,0.571
83,1004,"Pasta, cooked",5.76,0.92,30.7,157,0,61.8,0,0,0.56,1.8,7,1.27,18,58,44,232,0.51,0.099,26.2,0,0,0,0,0.06,0,0,0,7,0,0.272,0.135,1.68,0.049,73,0,6.4,0,66,7,118,0,0,0,0.175,0,0,0,0,0.006,0.006,0.148,0.014,0.13,0.293,0.024,0,0,0,0,0,0,0,0,0.13,0.324
84,1001,Spaghetti sauce,1.41,1.48,8.05,51,0,87.4,0,0,5.5,1.8,27,0.78,18,34,319,419,0.2,0.081,1.4,0,32,390,0,2.4,0,0,12700,190,2,0.024,0.061,3.92,0.173,13,0,13.7,13.9,0,13,13,0,0,2,0.17,0.002,0,0.002,0.003,0.001,0.002,0.107,0.039,0.365,0.429,0.079,0,0,0.002,0,0.008,0,0,0,0.376,0.504
85,1004,Spaghetti sauce with meat,5.94,4.36,6.54,90,0,81.6,0,0,4.47,1.5,26,1.1,18,64,316,412,1.33,0.081,5.1,1,27,317,0,1.97,0,0,10300,154,1.6,0.028,0.082,4.13,0.209,12,0.51,26.2,11.6,0,12,12,0,0,18,1.35,0.002,0,0.002,0.002,0.003,0.092,0.763,0.406,1.5,0.42,0.075,0.009,0,0.116,0,0.017,0,0,0,1.71,0.502
86,1002,"Turkey sandwich on white, with cheese",13.4,7.54,23.2,216,0,52.9,0,0,3.1,1,225,1.7,24,234,226,738,1.24,0.07,19,43,44,10,0,0.26,0.7,1,0,22,0,0.241,0.218,5.02,0.22,52,0.38,21.9,0.5,38,15,79,0,0,34,3.29,0.096,0.073,0.049,0.113,0.13,0.428,1.64,0.655,1.71,1.25,0.129,0.029,0.002,0.129,0,0.023,0.003,0,0.005,1.81,1.4
87,1005,"Egg roll, with chicken or turkey",9.86,11.8,27,254,0,49.2,0,0,5.26,2.3,44,1.61,28,111,266,452,0.49,0.099,16.3,2,52,495,211,1.57,0,0,0,69,10.6,0.227,0.161,3.43,0.271,60,0.09,29.5,30.8,40,19,88,0,0,13,1.94,0,0,0,0,0,0.014,1.44,0.395,4.12,4.27,0.465,0.01,0,0.11,0,0.063,0.003,0,0.002,4.3,4.76
88,1005,"Sambar, vegetable stew",4.32,2.71,11.8,86,0,80,0,0,2.08,4,19,1.68,23,89,234,207,0.63,0.133,1.7,0,7,72,12,0.56,0,4,190,50,3.2,0.091,0.047,0.65,0.111,86,0,16.8,7.7,0,86,86,0,0,0,0.374,0,0,0,0.001,0,0.003,0.272,0.076,0.998,0.949,0.14,0,0,0.009,0,0.025,0,0.017,0,1.05,1.09
89,1004,Chicken or turkey and potatoes with gravy,7.28,6.32,8.93,121,0,76,0,0,0.51,0.9,11,0.64,16,80,233,441,0.5,0.065,6.2,2,2,0,0,0.86,0,0,0,4,6.1,0.061,0.067,2.28,0.167,10,0.08,20.6,5.9,3,7,11,0,0,26,1.04,0,0,0,0,0.001,0.01,0.781,0.206,2.39,1.92,0.238,0.005,0,0.124,0,0.037,0,0,0,2.55,2.17
90,1006,"Rice, fried, meatless",3.84,3.19,32.5,174,0,59.3,0,0,0.62,1.1,11,0.46,10,44,69,361,0.69,0.086,8.3,10,22,128,38,0.13,0,0,3,103,3.8,0.015,0.026,0.637,0.032,6,0,5.5,2.8,0,6,6,0,0,18,0.493,0,0,0,0,0,0.012,0.346,0.112,0.578,1,0.123,0.002,0,0.007,0,0.006,0,0,0,0.588,1.13
91,1004,"Rice, fried, with chicken",7.28,3.66,27.6,173,0,60.3,0,0,0.53,0.9,12,0.5,12,73,100,359,0.83,0.083,10.6,10,20,109,32,0.17,0,0,3,88,3.2,0.023,0.049,1.68,0.064,7,0.06,14.6,2.4,0,6,6,0,0,32,0.656,0,0,0,0,0,0.015,0.484,0.136,0.826,0.979,0.112,0.005,0,0.074,0,0.008,0,0,0,0.906,1.1
92,1001,"Rice, fried, with beef",7.86,4.06,27.6,178,0,59.3,0,0,0.53,0.9,10,0.77,12,66,96,313,1.37,0.084,11.8,8,19,109,32,0.18,0,0,3,88,3.2,0.023,0.047,1.34,0.088,7,0.26,22.2,2.6,0,7,7,0,0,29,0.931,0,0,0,0.003,0.003,0.05,0.613,0.242,1.01,0.886,0.118,0.005,0,0.063,0,0.007,0,0,0.002,1.08,1.02
93,1003,"Rice, fried, with shrimp",6.68,2.97,27.8,166,0,61.1,0,0,0.53,0.9,23,0.44,14,83,84,324,0.83,0.112,14.5,22,32,109,32,0.44,0,0,3,88,3.2,0.018,0.026,0.943,0.064,9,0.25,25,2.4,0,9,9,0,0,47,0.497,0,0,0,0,0.002,0.014,0.337,0.119,0.525,0.879,0.106,0.012,0.021,0.012,0,0.006,0.02,0,0.002,0.554,1.05
94,1002,"Bread, naan",11.1,7.28,50.2,311,0,29.2,0,0,3.7,5.2,64,1.88,74,204,201,508,1.35,0.172,12.4,2,2,0,0,1.44,0,0,0,11,0,0.153,0.196,3.89,0.139,15,0,11,3.6,0,15,15,0,0,1,3.16,0,0,0.002,0.009,0.028,0.063,2.7,0.355,2.09,1.33,0.038,0.002,0,0.01,0,0.015,0,0.001,0,2.12,1.37
95,1001,Samosa,5.11,17.4,33.1,309,0,42.9,0,0,1.34,1.8,32,2.17,17,72,165,388,0.44,0.064,6.1,47,52,57,1,2.04,0.1,0,0,91,0.4,0.307,0.19,2.57,0.066,44,0.1,11.8,15,34,10,68,0,0,14,4.42,0.112,0.081,0.049,0.116,0.132,0.434,2.5,0.804,5.66,4.63,0.609,0.007,0,0.111,0.001,0.09,0.002,0,0.002,5.92,5.25
96,1005,"Fish, salmon, grilled",25.9,16.5,0,259,0,56,0,0,0,0,11,0.45,34,311,461,288,0.47,0.063,32.7,66,67,4,0,3.82,13.9,0,0,0,3,0.19,0.172,10.8,0.733,24,3.94,105,2.6,0,24,24,0,0,69,3.77,0.016,0.011,0.007,0.015,0.019,0.652,2.27,0.627,3.54,1.48,0.251,0.093,1.16,0.826,0.138,0.404,0.882,0.015,0.391,4.8,4.65
97,1005,"Fish, salmon, fried",17.4,20.7,11.7,307,0,48.5,0,0,0.2,0.5,21,1.16,25,209,301,391,0.43,0.065,22.7,37,37,0,0,4.03,8.4,0,0,10,1.8,0.259,0.176,7.49,0.443,38,2.39,69.5,13.4,20,19,52,0,0,46,3.6,0,0,0,0,0.001,0.363,2.39,0.671,6.35,4.8,0.661,0.056,0.695,0.531,0.083,0.317,0.528,0.009,0.234,7.22,7.22
98,1004,"Fish, salmon, raw",20.4,11.2,0,188,0,67.6,0,0,0,0,8,0.35,27,245,364,63,0.37,0.05,25.8,52,52,0,0,2.76,11,0,0,0,2.9,0.175,0.143,8.5,0.63,20,3.46,82.5,0.5,0,20,20,0,0,53,2.49,0,0,0,0,0.001,0.468,1.53,0.397,2.19,0.695,0.137,0.073,0.911,0.638,0.109,0.311,0.692,0.012,0.306,3.16,3.12
99,1001,"Fish, salmon, smoked",18.3,4.32,0,117,0,72,0,0,0,0,11,0.85,18,164,175,672,0.31,0.23,32.4,26,26,0,0,1.35,17.1,0,0,0,0,0.023,0.101,4.72,0.278,2,3.26,89,0.1,0,2,2,0,0,23,0.929,0,0,0,0,0,0.183,0.56,0.186,0.949,0.472,0,0,0.267,0.305,0,0.468,0.183,0.301,0.073,2.02,0.995
100,1002,"Cauliflower, fresh, cooked with oil",1.94,3.31,5.01,52,0,88.7,0,0,1.93,2,22,0.43,15,44,302,147,0.27,0.039,0.6,0,0,0,0,0.57,0,0,0,1,41.3,0.045,0.057,0.486,0.167,49,0,44.7,18.9,0,49,49,0,0,0,0.544,0,0,0,0.018,0,0.002,0.393,0.097,1.21,1.09,0.157,0,0,0.014,0,0.021,0,0,0,1.25,1.25
101,1003,"Spinach, fresh, cooked with oil",3.31,4.1,3.01,63,0,87.6,0,0,0.48,1.8,76,1.2,106,47,524,254,0.48,0.09,0,0,331,3970,0,2.86,0,11,0,8570,24.2,0.078,0.208,0.552,0.232,97,0,22,554,0,97,97,0,0,0,0.539,0,0,0,0,0,0.013,0.394,0.104,1.34,1.24,0.317,0,0,0.018,0,0.024,0,0,0,1.39,1.56
102,1001,Lasagna with meat and spinach,13.3,10.8,13.8,207,0,60,0,0,2.16,1.1,262,0.96,26,236,209,412,2.06,0.073,19.6,82,98,200,0,0.93,0.2,1,2970,289,1.3,0.087,0.23,1.93,0.133,29,0.6,21.8,19.6,13,16,38,0,0,42,5.44,0.157,0.131,0.083,0.2,0.233,0.792,2.65,1,2.77,0.682,0.085,0.017,0,0.195,0,0.025,0.003,0,0.005,2.91,0.756
103,1002,"Bean sprouts, cooked",9.8,6.93,6.08,116,0,75.8,0,0,2.83,3.3,56,2.81,48,132,299,126,0.78,0.256,3.8,11,12,9,2,0.54,0,2,0,0,6.3,0.099,0.187,0.589,0.156,40,0,28,22.5,0,40,40,0,0,2,1.31,0.018,0.013,0.007,0.017,0.02,0.076,0.838,0.294,1.79,2.84,0.38,0.001,0,0.026,0,0.012,0,0,0,1.84,3.22
104,1002,"Classic mixed vegetables, canned, cooked with oil",2.05,3.54,8.58,71,0,85,0,0,2.72,2.5,21,0.7,13,39,125,243,0.35,0.069,0.8,0,151,1450,707,0.77,0,11,0,590,2.5,0.042,0.053,0.666,0.057,24,0,16.8,23.9,0,24,24,0,0,0,0.524,0,0,0,0.001,0,0.002,0.391,0.102,1.25,1.26,0.193,0,0,0.011,0,0.021,0,0,0,1.29,1.46
105,1004,"Classic mixed vegetables, cooked, from restaurant",2.81,4.7,12.1,96,0,79.1,0,0,4.86,3.2,25,0.82,26,66,256,224,0.54,0.085,0.8,18,234,2160,840,0.87,0,26,0,936,13.6,0.125,0.082,1.29,0.146,33,0,18.8,23.7,0,33,33,0,0,3,1.21,0.029,0.021,0.012,0.029,0.033,0.105,0.698,0.238,1.49,1.28,0.17,0.002,0,0.024,0,0.021,0,0,0.001,1.55,1.45
106,1001,"Classic mixed vegetables, frozen, cooked with oil",2.77,3.05,12.7,89,0,80.6,0,0,3.02,4.3,24,0.8,21,49,164,146,0.47,0.08,0.3,0,207,2020,937,0.84,0,0,0,617,3.1,0.069,0.116,0.824,0.072,18,0,23.3,25.9,0,18,18,0,0,0,0.427,0,0,0,0,0,0.001,0.313,0.088,1.15,1.08,0.155,0,0,0.01,0,0.02,0,0,0,1.18,1.24
107,1001,"Vegetable soup, made from dry mix",0.72,2.18,4.72,40,0,91.1,0,0,1.59,0.3,15,0.24,5,21,37,353,0.15,0.045,1.9,0,54,509,256,0.22,0,30,0,83,1.5,0.469,0.041,0.199,0.009,3,0.04,5.3,3,0,3,3,0,0,0,0.546,0,0,0,0,0,0.009,0.308,0.232,0.972,0.536,0.035,0,0,0,0,0,0,0,0,0.972,0.57
108,1003,"Classic mixed vegetables, canned, cooked with butter or margarine",2.07,2.83,8.59,64,0,85.7,0,0,2.73,2.5,22,0.7,13,39,125,260,0.35,0.069,0.8,22,174,1460,707,0.51,0.1,11,0,590,2.5,0.042,0.053,0.666,0.09,24,0,17.2,22,0,24,24,0,0,4,1.07,0.036,0.025,0.015,0.035,0.04,0.127,0.554,0.206,0.654,0.541,0.092,0.002,0,0.019,0,0.005,0,0,0.001,0.692,0.636
109,1003,"Classic mixed vegetables, canned, reduced sodium, cooked with oil",1.89,3.59,8.93,71,0,84.7,0,0,2.84,2.3,23,0.79,14,38,127,15,0.43,0.073,0.7,0,162,1590,710,0.71,0,9,0,780,4.3,0.044,0.044,0.639,0.064,26,0,15.2,20.3,0,26,26,0,0,0,0.498,0,0,0,0,0,0.002,0.371,0.098,1.29,1.25,0.195,0,0,0.012,0,0.022,0,0,0,1.32,1.44
110,1004,"Classic mixed vegetables, canned, reduced sodium, cooked with butter or margarine",1.91,2.81,8.94,64,0,85.4,0,0,2.85,2.3,24,0.79,14,38,128,33,0.43,0.073,0.7,24,187,1600,711,0.43,0.1,10,0,780,4.3,0.044,0.044,0.639,0.1,26,0,15.7,18.2,0,26,26,0,0,4,1.09,0.039,0.027,0.016,0.037,0.044,0.137,0.547,0.211,0.637,0.467,0.085,0.002,0,0.02,0,0.004,0,0,0.001,0.676,0.552
111,1005,"Classic mixed vegetables, canned, reduced sodium, cooked, no added fat",1.95,0.45,9.19,44,0,87.5,0,0,2.93,2.4,24,0.81,15,39,131,15,0.45,0.076,0.7,0,167,1630,732,0.2,0,10,0,803,4.5,0.045,0.045,0.658,0.066,27,0,15.6,17.3,0,27,27,0,0,0,0.07,0,0,0,0,0,0,0.061,0.006,0.053,0.134,0.049,0,0,0,0,0,0,0,0,0.054,0.183
112,1001,Macaroni or noodles with cheese,8.68,10.5,23.1,223,0,56.1,0,0,2.44,1.2,170,1.06,20,148,103,358,1.08,0.074,19.8,105,106,18,0,0.51,0.5,0,0,3,0,0.192,0.206,1.29,0.111,35,0.27,12.2,3.1,28,7,54,0,0,25,5.15,0.176,0.138,0.086,0.207,0.241,0.763,2.43,0.957,2.34,1.01,0.106,0.012,0,0.121,0.001,0.017,0.002,0,0.004,2.41,1.1
113,1005,Macaroni or pasta salad with chicken,7.82,10.8,20.9,213,0,59.7,0,0,1.57,1.2,9,0.97,16,76,84,225,0.59,0.079,20.4,3,6,25,4,0.53,0,11,0,22,1.5,0.185,0.118,2.22,0.074,49,0.07,18.7,23.5,41,8,78,0,0,22,1.79,0,0,0,0.001,0.004,0.015,1.26,0.431,2.44,5.12,0.694,0.009,0.001,0.079,0,0.033,0,0.006,0,2.56,5.83
114,1002,"Fruit salad, excluding citrus fruits, with pudding",1.91,6.1,18,127,0,73.5,0,0,12.8,1.7,25,0.37,23,47,177,40,0.35,0.192,0.4,0,2,19,1,0.2,0,2,0,18,14,0.07,0.047,0.376,0.129,15,0.03,8.8,2.6,0,15,15,0,0,0,0.745,0.001,0.001,0,0,0,0.003,0.491,0.24,1.21,3.03,0.724,0,0,0.003,0,0.012,0,0,0,1.23,3.76
115,1002,Pineapple salad with dressing,0.58,5.71,11.9,96,0,81.4,0,0,8.94,1.3,13,0.29,11,9,103,49,0.12,0.101,0.3,1,5,40,0,0.27,0,0,0,8,43,0.073,0.031,0.452,0.102,17,0.01,7.7,13.5,0,17,17,0,0,3,0.884,0,0,0,0,0,0.004,0.597,0.235,1.24,2.95,0.425,0.004,0,0.008,0,0.018,0,0.002,0,1.27,3.38
116,1001,"Cake or cupcake, white with chocolate icing, from mix",3.06,14.7,51.9,345,0,28.6,1,32,37.1,0.7,78,1.44,13,153,109,324,0.35,0.105,4.9,21,21,0,0,1.92,0.3,1,0,58,0,0.072,0.12,0.722,0.031,22,0.13,35,6.9,13,9,31,0,0,47,3.84,0,0,0,0,0,0.056,2.18,1.57,6.33,3,0.297,0,0,0.047,0,0.037,0,0,0,6.42,3.34
117,1003,"Cake or cupcake, white with chocolate icing, bakery",2.9,15,52.8,349,0,27.6,1,36,38.8,0.8,72,1.44,14,147,116,313,0.34,0.113,4.5,19,19,0,0,1.88,0.3,1,0,53,0,0.067,0.111,0.672,0.029,20,0.12,32.7,6.3,12,8,28,0,0,43,3.98,0,0,0,0,0,0.06,2.2,1.7,6.55,2.93,0.28,0,0,0.043,0,0.034,0,0,0,6.64,3.25
118,1003,Shepherd's pie,7.64,6.3,8.68,123,0,76.1,0,0,1.88,1.5,26,0.94,15,87,252,263,1.69,0.054,6.2,22,79,581,203,0.33,0.1,0,1280,156,2,0.076,0.103,1.95,0.175,11,0.69,30.7,3.9,0,11,11,0,0,27,2.67,0.036,0.028,0.018,0.047,0.055,0.279,1.44,0.676,2.07,0.397,0.058,0.014,0,0.188,0,0.017,0.001,0,0.003,2.36,0.479
119,1001,"Cheesecake, plain",5.47,27,35.3,402,0,31.1,0,0,26.6,0.5,67,0.8,12,103,108,249,0.53,0.036,8.7,235,238,44,1,0.77,0.3,3,0,67,0,0.048,0.206,0.635,0.049,21,0.17,47.8,3.8,7,13,26,0,0,114,14.6,0.535,0.42,0.256,0.6,0.693,2.26,6.94,2.48,5.91,1.66,0.187,0.036,0,0.439,0.002,0.047,0.007,0.001,0.013,6.68,1.95
120,1006,"Cheesecake, chocolate",5.89,26.6,36,397,0,30.3,7,62,25.9,1.6,69,1.2,26,121,150,242,0.72,0.149,8.8,228,231,43,1,0.75,0.3,3,0,66,0,0.049,0.207,0.682,0.051,21,0.16,46.8,3.8,7,14,26,0,0,111,14.4,0.519,0.407,0.248,0.582,0.672,2.2,6.84,2.53,5.87,1.62,0.181,0.035,0,0.426,0.002,0.046,0.007,0.001,0.013,6.61,1.9
121,1002,"Cheesecake, fruit",4.96,24.3,38.7,390,0,31.1,0,0,28.8,0.6,63,0.77,11,94,105,228,0.49,0.042,8,211,215,40,1,0.7,0.3,3,0,60,0.9,0.045,0.193,0.575,0.046,20,0.15,44.1,3.4,7,13,25,0,0,103,13.2,0.482,0.378,0.23,0.54,0.624,2.04,6.24,2.23,5.32,1.49,0.168,0.032,0,0.395,0.002,0.044,0.006,0.002,0.012,6.01,1.75
122,1003,"Rice, white, cooked, no added fat",2.67,0.28,28,129,0,68,0,0,0.05,0.4,10,1.19,12,43,35,245,0.49,0.069,7.5,0,0,0,0,0.04,0,0,0,0,0,0.162,0.013,1.47,0.092,58,0,2.1,0,55,3,96,0,0,0,0.077,0,0,0,0,0,0.002,0.069,0.005,0.086,0.062,0.013,0,0,0.001,0,0,0,0,0,0.087,0.076
123,1003,Dragon fruit,0.36,0.14,15.2,57,0,84,0,0,9.75,3.1,9,0.18,7,12,116,1,0.1,0.082,0.1,0,1,14,1,0.12,0,2,0,44,4.3,0.012,0.026,0.161,0.029,7,0,5.1,4.4,0,7,7,0,0,0,0.022,0,0,0,0,0,0,0.017,0.003,0.081,0.093,0.001,0,0,0.002,0,0.001,0,0,0,0.084,0.094
124,1003,"Banana, raw",0.74,0.28,22.7,97,0,75.6,0,0,15.8,1.7,5,0,28,22,326,0,0.16,0.101,0,0,1,8,7,0.1,0,0,0,22,12,0.054,0,0.653,0.212,15,0,9.8,0.1,0,15,15,0,0,0,0.112,0,0,0,0.001,0.002,0.002,0.102,0.005,0.022,0.046,0.027,0,0,0.01,0,0,0,0,0,0.032,0.073
125,1005,Banana chips,2.3,33.6,58.4,519,0,4.3,0,0,35.3,7.7,18,1.25,76,56,536,6,0.75,0.205,1.5,0,4,34,32,0.24,0,0,0,46,6.3,0.085,0.017,0.71,0.26,14,0,21.3,1.3,0,14,14,0,0,0,29,0,0.2,2.51,2.01,14.9,5.62,2.79,0.94,1.95,0.62,0.01,0,0,0,0,0,0,0,0,1.95,0.63
126,1006,Banana pudding,2.57,4.26,28,160,0,64.5,0,0,19.7,0.7,41,0.42,13,57,149,128,0.28,0.046,3.8,20,20,3,2,0.26,0.3,1,0,48,3.2,0.061,0.107,0.544,0.081,15,0.18,30,1,5,10,19,0,0,38,1.22,0.006,0.005,0.002,0.005,0.006,0.03,0.708,0.447,1.97,0.554,0.033,0.002,0.001,0.029,0,0.003,0.001,0,0,2,0.617
127,1005,"Orange, raw",0.92,0.14,11.8,50,0,86.7,0,0,8.96,2.2,42,0.22,10,18,174,4,0.09,0.054,0.2,0,11,71,11,0.18,0,116,0,129,56.2,0.078,0.046,0.354,0.07,28,0,8.4,0,0,28,28,0,0,0,0.015,0,0,0,0,0,0,0.013,0,0.02,0.018,0.007,0,0,0.003,0,0,0,0,0,0.023,0.025
128,1001,"Orange juice, 100%,  freshly squeezed",0.81,0.36,10,47,0,88.5,0,0,8.08,0.3,9,0.07,10,19,183,0,0.03,0.035,0.1,0,2,8,8,0.2,0,27,0,27,30.5,0.075,0.039,0.029,0.041,29,0,6.2,0,0,29,29,0,0,0,0.014,0,0,0,0,0,0,0.014,0,0.018,0.023,0.007,0,0,0.003,0,0,0,0,0,0.022,0.03
129,1003,"Avocado, raw",2,14.7,8.53,160,0,73.2,0,0,0.66,6.7,12,0.55,29,52,485,7,0.64,0.19,0.4,0,7,62,24,2.07,0,28,0,271,10,0.067,0.13,1.74,0.257,81,0,14.2,21,0,81,81,0,0,0,2.13,0,0,0.001,0,0,0,2.08,0.049,9.07,1.67,0.125,0,0,0.698,0,0.025,0,0,0,9.8,1.82
130,1002,"Lettuce, salad with avocado, tomato, and/or carrots, with or without other vegetables, no dressing",1.43,3.42,5.1,52,0,89.2,0,0,1.61,2.6,28,0.6,24,33,307,32,0.31,0.076,0.4,0,181,2030,274,0.86,0,7,280,1140,9.4,0.056,0.082,0.7,0.136,48,0,11,91,0,48,48,0,0,0,0.495,0,0,0,0,0,0.001,0.48,0.014,2.01,0.404,0.063,0,0,0.156,0,0.006,0,0,0,2.17,0.471
131,1002,Avocado dressing,1.9,43.3,7.36,427,0,45,0,0,6.67,0.1,34,0.35,7,31,58,867,0.25,0.01,1.6,10,10,3,1,4.6,0,1,0,39,0.2,0.02,0.05,0.14,0.01,4,0.26,3.6,96.7,0,4,4,0,0,40,5.98,0.016,0.009,0.006,0.012,0.013,0.089,4.25,1.58,9.25,20.4,2.73,0,0,0.091,0,0.08,0,0,0,9.42,23.2
132,1002,Olive oil,0,100,0,900,0,0,0,0,0,0,1,0.56,0,0,1,2,0,0,0,0,0,0,0,20.9,0,0,0,0,0,0,0,0,0,0,0,0.3,26,0,0,0,0,0,0,15.5,0.001,0,0.001,0.001,0.001,0.013,12.2,2.62,67,8.82,0.638,0.013,0,1.07,0,0.284,0,0.001,0,68.4,9.47
133,1006,"Oatmeal, multigrain",2.12,0.46,12.2,56,0,84.7,0,0,0.41,2,9,0.46,20,55,51,70,0.55,0.068,5.3,0,0,1,0,0.11,0,0,0,27,0,0.046,0.027,0.601,0.042,3,0,5,0.6,0,3,3,0,0,0,0.076,0,0,0,0,0.001,0.001,0.067,0.004,0.098,0.174,0.015,0,0,0.001,0,0.001,0,0,0,0.101,0.19
134,1006,"Cookie, oatmeal",6.2,18.1,68.7,450,0,5.7,0,0,24.7,2.8,37,2.58,33,138,142,520,0.79,0.134,9.8,5,5,0,0,0.26,0,0,0,31,0.5,0.267,0.23,2.23,0.066,59,0,12,8,52,7,95,0,0,0,4.52,0,0,0,0,0.003,0.086,2.38,2.03,10,2.41,0.129,0,0,0.003,0,0,0,0,0,10,2.54
135,1003,"Snack bar, oatmeal",6.67,6.67,75.5,389,0,9.86,0,0,31.5,4.6,333,6,69,167,238,367,1.42,0.173,16,235,236,3,2,2.25,0.1,1,0,58,0.9,0.5,0.567,6.67,0.667,75,0.08,47.3,6.9,54,20,113,0,0,36,1.3,0,0,0,0,0.004,0.013,1.08,0.199,1.48,2.33,0.207,0.012,0.004,0.04,0.001,0.012,0.006,0,0,1.53,2.56
136,1006,"Cereal or granola bar, with rice cereal",3.4,9,80.5,417,0,5.9,0,0,19.4,0,3,2.2,13,42,39,351,0.5,0.1,11,270,270,0,0,0,0,0,0,0,0,0.7,0.8,9.1,0.9,241,0,0,0,199,42,381,0,0,0,1.4,0,0,0,0,0,0.009,0.878,0.324,1.94,4.35,0.579,0,0,0.018,0,0.018,0,0,0,2.5,5.1
137,1006,"Cereal, O's, multigrain",8.54,3.76,76.2,373,0,8.65,0,0,20.5,10.9,342,46.6,77,230,217,385,2.01,0.222,17.2,0,3,24,15,0.24,4.9,0,0,488,22.6,3.21,3.28,40.1,4.27,603,5.89,22.2,1,580,24,1010,0,5.89,0,0.618,0,0,0,0,0.01,0.006,0.522,0.04,1.08,1.29,0.057,0,0,0.006,0,0,0,0,0,1.09,1.35
138,1004,Cereal or granola bar (Kellogg's Nutri-Grain Cereal Bar),4.22,8.67,67.6,365,0,16.7,0,0,29,3,576,6.14,37,134,247,354,5.24,0.142,5.6,603,604,8,4,0.93,0,2,0,37,7.8,1.15,2.07,19.3,1.83,14,0,11.2,15.3,0,14,14,0,0,0,1.44,0.002,0,0.001,0,0.001,0.01,0.979,0.38,1.95,4.02,0.52,0,0,0.008,0,0.026,0,0.001,0,1.99,4.54
139,1003,Samosa,5.11,17.4,33.1,309,0,42.9,0,0,1.34,1.8,32,2.17,17,72,165,388,0.44,0.064,6.1,47,52,57,1,2.04,0.1,0,0,91,0.4,0.307,0.19,2.57,0.066,44,0.1,11.8,15,34,10,68,0,0,14,4.42,0.112,0.081,0.049,0.116,0.132,0.434,2.5,0.804,5.66,4.63,0.609,0.007,0,0.111,0.001,0.09,0.002,0,0.002,5.92,5.25
140,1004,Lentil curry,3.67,5.61,12.3,110,0,76.7,0,0,3.24,3.4,25,1.44,23,78,292,383,0.59,0.153,1.5,1,36,374,107,1.28,0,1,4470,73,7.4,0.07,0.058,0.79,0.13,62,0.01,19.1,9,0,62,62,0,0,0,1.3,0.003,0.005,0.047,0.039,0.292,0.127,0.562,0.179,1.84,1.77,0.219,0,0,0.018,0,0.03,0,0,0,1.89,1.99
141,1005,"Ghee, clarified butter",0.28,99.5,0,876,0,0.24,0,0,0,0,4,0,0,3,5,2,0.01,0.001,0,824,840,193,0,2.8,0,0,0,0,0,0.001,0.005,0.003,0.001,0,0.01,22.3,8.6,0,0,0,0,0,256,61.9,3.23,1.91,1.11,2.5,2.79,10,26.2,12.1,25,2.25,1.45,0,0,2.23,0,0,0,0,0,28.7,3.69
142,1002,Date,2.45,0.39,75,282,0,20.5,0,0,63.4,8,39,1.02,43,62,656,2,0.29,0.206,3,0,0,6,0,0.05,0,0,0,75,0.4,0.052,0.066,1.27,0.165,19,0,6.3,2.7,0,19,19,0,0,0,0.032,0,0,0.001,0.001,0.001,0.001,0.017,0.011,0.035,0.016,0.003,0,0,0.001,0,0,0,0,0,0.036,0.019
143,1006,"Mayonnaise, reduced fat,  with olive oil",0.37,40,0,361,0,57.6,0,0,0,0,0,0,2,15,31,800,0.07,0.019,2.3,5,8,30,0,2.19,0,3,0,27,0,0.008,0,0.01,0.002,0,0.12,9,53.7,0,0,0,0,0,33,5.37,0,0,0,0,0,0.016,4.38,0.793,29,3.69,0.317,0,0,0.464,0,0.125,0,0,0,29.5,4.01
144,1006,"Romaine lettuce, raw",1.36,0.15,2.87,15,0,95,0,0,0.78,1.3,36,0.86,13,29,194,28,0.18,0.029,0.6,0,370,4440,0,0.22,0,0,0,1730,9.2,0.07,0.08,0.375,0.09,38,0,13.6,126,0,38,38,0,0,0,0.02,0,0,0,0,0,0,0.018,0.002,0.005,0.024,0.058,0,0,0.002,0,0,0,0,0,0.006,0.082
